main_category,main_category_encoded
stores,15
"tv, audio & cameras",17
home & kitchen,6
accessories,0
men's clothing,10
women's clothing,18
industrial supplies,8
toys & baby products,16
beauty & health,3
bags & luggage,2
appliances,1
men's shoes,11
sports & fitness,14
car & motorbike,4
women's shoes,19
kids' fashion,9
grocery & gourmet foods,5
music,12
pet supplies,13
"home, kitchen, pets",7
